<?xml version="1.0" encoding="UTF-8" standalone="yes"?>
<addon id="plugin.video.nlsports" name="NL Sports" version="1.4.1" provider-name="XODI &amp; NLSPORTS">
	<requires>
		<import addon="plugin.video.veetle" version="0.3.1" optional="false"/>
		<import addon="plugin.video.p2p-streams" version="1.1" optional="false"/>
	</requires>
	<extension point="xbmc.python.pluginsource" library="default.py">
		<provides>video</provides>
	</extension>
	<extension  point="xbmc.addon.metadata">
		<platform>all</platform>
		<summary lang="nl">Bekijk NL sport streams van diverse Nederlandse stream providers op uw XBMC / Kodi.</summary>
		<description lang="nl">Met deze addon is het mogelijk om streams van Nederlandse stream providers te bekijken.[CR]Let op: Veetle dient te zijn geinstalleerd.</description>
		<disclaimer>Credits to all the stream providers!</disclaimer>
		<language>nl</language>
		<platform>all</platform>
	</extension>
</addon>
